预警ID,预警时间,预警类型,触发规则,风险等级,关联案件,涉及人数,预估损失,触发源,状态,处理人,处理时间,备注
ALERT-001,2024-01-18 08:00:15,电信诈骗预警,"境外来电+敏感关键词",高危,CASE-2024-001,1,8900,电话监控,已处理,张警官,2024-01-18 08:15:30,"拦截来电并通知受害者"
ALERT-002,2024-01-18 08:30:22,网络钓鱼检测,"可疑URL+诱导性标题",中危,CASE-2024-002,1,2500,邮件监控,已处理,李警官,2024-01-18 08:45:18,"拦截邮件并标记"
ALERT-003,2024-01-18 09:15:45,异常转账提醒,"大额转账+深夜操作",低危,-,1,5000,交易监控,待处理,-,-,"等待核实用户身份"
ALERT-004,2024-01-18 10:05:33,可疑链接拦截,"短链接+钓鱼特征",中危,CASE-2024-004,1,15000,网页监控,已处理,王警官,2024-01-18 10:20:45,"阻断链接访问"
ALERT-005,2024-01-18 11:20:18,冒充身份警告,"冒充领导+紧急语气",高危,CASE-2024-007,1,20000,消息监控,紧急处理,张警官,-,"正在联系核实"
ALERT-006,2024-01-18 12:30:45,虚假兼职预警,"刷单+返利关键词",中危,CASE-2024-003,5,25000,群聊监控,已处理,李警官,2024-01-18 12:45:30,"解散诈骗群"
ALERT-007,2024-01-18 13:15:22,投资理财预警,"高收益+拉人头",高危,CASE-2024-005,12,696000,APP监控,已立案,-,-,"移交经侦部门"
ALERT-008,2024-01-18 14:40:36,贷款诈骗预警,"注销贷款+保证金",中危,CASE-2024-006,3,9000,电话监控,已处理,王警官,2024-01-18 14:55:15,"联系银行冻结账户"
ALERT-009,2024-01-18 15:25:10,色情敲诈预警,"裸聊+威胁关键词",高危,CASE-2024-008,1,12000,消息监控,已立案,-,-,"移交刑侦部门"
ALERT-010,2024-01-18 16:00:45,虚假中奖预警,"中奖+手续费",低危,CASE-2024-009,1,800,短信监控,已处理,张警官,2024-01-18 16:10:20,"拦截短信"
ALERT-011,2024-01-18 17:30:18,校园贷预警,"高利率+砍头息",高危,CASE-2024-010,2,70000,APP监控,已立案,-,-,"联合金融部门查处"
ALERT-012,2024-01-19 08:45:33,退款诈骗预警,"退款+链接",中危,CASE-2024-011,4,18000,电商监控,已处理,李警官,2024-01-19 09:00:22,"通知平台拦截"
ALERT-013,2024-01-19 09:20:45,游戏诈骗预警,"账号交易+私下转账",低危,CASE-2024-012,1,6800,游戏监控,待处理,-,-,"等待用户反馈"
ALERT-014,2024-01-19 10:55:22,冒充熟人预警,"借钱+紧急",中危,CASE-2024-013,2,36000,社交监控,已处理,王警官,2024-01-19 11:10:35,"联系当事人核实"
ALERT-015,2024-01-19 11:30:18,虚假招聘预警,"押金+入职",低危,CASE-2024-014,8,1600,招聘平台,已处理,张警官,2024-01-19 11:45:20,"下架虚假信息"
ALERT-016,2024-01-19 13:15:36,技术支持诈骗,"远程控制+维修",高危,CASE-2024-015,1,12000,电话监控,已立案,-,-,"追踪IP地址"
ALERT-017,2024-01-19 14:40:45,虚拟货币预警,"挖矿+投资",高危,CASE-2024-016,6,270000,APP监控,已立案,-,-,"联合网信部门查处"
ALERT-018,2024-01-19 15:25:12,冒充公检法预警,"涉案+逮捕",极高危,CASE-2024-017,1,98000,电话监控,紧急处理,李警官,-,"联系当事人防止转账"
ALERT-019,2024-01-19 16:50:33,刷单诈骗预警,"点赞+返利",中危,CASE-2024-018,3,36000,群聊监控,已处理,王警官,2024-01-19 17:05:20,"封禁账号"
ALERT-020,2024-01-19 17:35:18,理财诈骗预警,"私募+高回报",高危,CASE-2024-019,5,440000,网页监控,已立案,-,-,"追踪资金流向"